mean_fit_time,std_fit_time,mean_score_time,std_score_time,param_max_depth,param_min_samples_leaf,param_min_samples_split,param_n_estimators,params,split0_test_score,split1_test_score,split2_test_score,split3_test_score,split4_test_score,mean_test_score,std_test_score,rank_test_score
0.0979337215423584,0.010193893255909636,0.009216642379760743,0.0016077114885285255,5,1,2,50,"{'max_depth': 5, 'min_samples_leaf': 1, 'min_samples_split': 2, 'n_estimators': 50}",0.8181818181818182,0.8461538461538461,0.8309859154929577,0.7605633802816901,0.8450704225352113,0.8201910765291046,0.03152483177247602,78
0.1802210807800293,0.01717480050293578,0.012973928451538086,0.0036685500486138625,5,1,2,100,"{'max_depth': 5, 'min_samples_leaf': 1, 'min_samples_split': 2, 'n_estimators': 100}",0.8321678321678322,0.8601398601398601,0.8591549295774648,0.7746478873239436,0.852112676056338,0.8356446370530877,0.03211428892874658,1
0.37508182525634765,0.03243969311422008,0.023122596740722656,0.004465567787874733,5,1,2,200,"{'max_depth': 5, 'min_samples_leaf': 1, 'min_samples_split': 2, 'n_estimators': 200}",0.8251748251748252,0.8601398601398601,0.8309859154929577,0.7605633802816901,0.852112676056338,0.8257953314291342,0.035084708697740885,40
0.08152375221252442,0.006066626887598998,0.007309150695800781,0.001033980123784547,5,1,5,50,"{'max_depth': 5, 'min_samples_leaf': 1, 'min_samples_split': 5, 'n_estimators': 50}",0.8251748251748252,0.8321678321678322,0.8309859154929577,0.7676056338028169,0.8450704225352113,0.8202009258347287,0.02708881368320212,74
0.1717778205871582,0.015611412939648366,0.015130329132080077,0.004150511238834069,5,1,5,100,"{'max_depth': 5, 'min_samples_leaf': 1, 'min_samples_split': 5, 'n_estimators': 100}",0.8251748251748252,0.8461538461538461,0.852112676056338,0.7746478873239436,0.852112676056338,0.8300403821530582,0.02941434400598501,5
0.31699748039245607,0.013555968410626555,0.022348499298095702,0.003907863836660552,5,1,5,200,"{'max_depth': 5, 'min_samples_leaf': 1, 'min_samples_split': 5, 'n_estimators': 200}",0.8181818181818182,0.8531468531468531,0.8309859154929577,0.7676056338028169,0.852112676056338,0.8244065793361568,0.03131138407466534,45
0.08416538238525391,0.010408558486729943,0.008868551254272461,0.0014487460855623887,5,1,10,50,"{'max_depth': 5, 'min_samples_leaf': 1, 'min_samples_split': 10, 'n_estimators': 50}",0.8251748251748252,0.8391608391608392,0.8309859154929577,0.7746478873239436,0.8450704225352113,0.8230079779375554,0.025118548787967838,61
0.17212934494018556,0.03449562467441116,0.01322798728942871,0.0034370946212009036,5,1,10,100,"{'max_depth': 5, 'min_samples_leaf': 1, 'min_samples_split': 10, 'n_estimators': 100}",0.8461538461538461,0.8391608391608392,0.852112676056338,0.7676056338028169,0.8450704225352113,0.8300206835418104,0.03147700936098892,8
0.36127233505249023,0.04345472597424851,0.023847198486328124,0.004626422929129644,5,1,10,200,"{'max_depth': 5, 'min_samples_leaf': 1, 'min_samples_split': 10, 'n_estimators': 200}",0.8321678321678322,0.8391608391608392,0.8309859154929577,0.7746478873239436,0.852112676056338,0.8258150300403819,0.026664018647078583,33
0.0801774501800537,0.007880451255741314,0.007518196105957031,0.0016743745389163065,5,2,2,50,"{'max_depth': 5, 'min_samples_leaf': 2, 'min_samples_split': 2, 'n_estimators': 50}",0.8181818181818182,0.8531468531468531,0.8450704225352113,0.7605633802816901,0.852112676056338,0.8258150300403821,0.035001167408938216,31
0.17729411125183106,0.026661687817579355,0.012470102310180664,0.0013833022914789697,5,2,2,100,"{'max_depth': 5, 'min_samples_leaf': 2, 'min_samples_split': 2, 'n_estimators': 100}",0.8321678321678322,0.8461538461538461,0.852112676056338,0.7746478873239436,0.8591549295774648,0.8328474342558849,0.030423489515190055,2
0.3376798152923584,0.031014378688347673,0.022640323638916014,0.0054639406771458034,5,2,2,200,"{'max_depth': 5, 'min_samples_leaf': 2, 'min_samples_split': 2, 'n_estimators': 200}",0.8181818181818182,0.8461538461538461,0.8309859154929577,0.7746478873239436,0.8591549295774648,0.825824879346006,0.029080221217871516,30
0.09220008850097657,0.015618768061779194,0.007616233825683594,0.0016885492781548452,5,2,5,50,"{'max_depth': 5, 'min_samples_leaf': 2, 'min_samples_split': 5, 'n_estimators': 50}",0.8111888111888111,0.8531468531468531,0.8380281690140845,0.7676056338028169,0.852112676056338,0.8244164286417807,0.032187684485746985,43
0.15504684448242187,0.012839281214142134,0.010114812850952148,0.0005898186839256337,5,2,5,100,"{'max_depth': 5, 'min_samples_leaf': 2, 'min_samples_split': 5, 'n_estimators': 100}",0.8181818181818182,0.8461538461538461,0.8380281690140845,0.7676056338028169,0.8591549295774648,0.8258248793460062,0.03200305096145217,28
0.3499444961547852,0.039331432517992995,0.027305459976196288,0.004514591740560096,5,2,5,200,"{'max_depth': 5, 'min_samples_leaf': 2, 'min_samples_split': 5, 'n_estimators': 200}",0.8181818181818182,0.8531468531468531,0.8309859154929577,0.7746478873239436,0.8591549295774648,0.8272234807446074,0.03017197130431084,19
0.07843179702758789,0.0016311169193395055,0.007013750076293945,0.002029915375600413,5,2,10,50,"{'max_depth': 5, 'min_samples_leaf': 2, 'min_samples_split': 10, 'n_estimators': 50}",0.8111888111888111,0.8391608391608392,0.8380281690140845,0.7676056338028169,0.8450704225352113,0.8202107751403526,0.028786327477168618,73
0.16648688316345214,0.01984242047948339,0.012511014938354492,0.002617008190388098,5,2,10,100,"{'max_depth': 5, 'min_samples_leaf': 2, 'min_samples_split': 10, 'n_estimators': 100}",0.8251748251748252,0.8321678321678322,0.852112676056338,0.7746478873239436,0.8450704225352113,0.8258347286516301,0.027280684877175713,26
0.32254757881164553,0.021823423219100253,0.021579933166503907,0.002554877898947185,5,2,10,200,"{'max_depth': 5, 'min_samples_leaf': 2, 'min_samples_split': 10, 'n_estimators': 200}",0.8321678321678322,0.8461538461538461,0.823943661971831,0.7746478873239436,0.852112676056338,0.8258051807347581,0.027448751333773377,36
0.08850555419921875,0.017016609699077232,0.00851426124572754,0.0015197223619129658,5,4,2,50,"{'max_depth': 5, 'min_samples_leaf': 4, 'min_samples_split': 2, 'n_estimators': 50}",0.8181818181818182,0.8461538461538461,0.8591549295774648,0.7676056338028169,0.852112676056338,0.8286417807544568,0.03353633749723596,14
0.16873421669006347,0.022069259135740916,0.012021350860595702,0.0029219305650862236,5,4,2,100,"{'max_depth': 5, 'min_samples_leaf': 4, 'min_samples_split': 2, 'n_estimators': 100}",0.8321678321678322,0.8391608391608392,0.852112676056338,0.7605633802816901,0.8380281690140845,0.8244065793361568,0.032579302616297795,45
0.34544963836669923,0.03909123803577577,0.02250380516052246,0.0041210645822420365,5,4,2,200,"{'max_depth': 5, 'min_samples_leaf': 4, 'min_samples_split': 2, 'n_estimators': 200}",0.8251748251748252,0.8391608391608392,0.8450704225352113,0.7535211267605634,0.852112676056338,0.8230079779375554,0.035854895212095846,61
0.0851675033569336,0.009103632730918073,0.010385417938232422,0.002261943073803175,5,4,5,50,"{'max_depth': 5, 'min_samples_leaf': 4, 'min_samples_split': 5, 'n_estimators': 50}",0.8181818181818182,0.8461538461538461,0.8591549295774648,0.7676056338028169,0.852112676056338,0.8286417807544568,0.03353633749723596,14
0.15681214332580568,0.017674884756608243,0.011318254470825195,0.0022245534101936644,5,4,5,100,"{'max_depth': 5, 'min_samples_leaf': 4, 'min_samples_split': 5, 'n_estimators': 100}",0.8321678321678322,0.8391608391608392,0.852112676056338,0.7605633802816901,0.8380281690140845,0.8244065793361568,0.032579302616297795,45
0.3355730056762695,0.03827380354890974,0.020836496353149415,0.0031858303086541996,5,4,5,200,"{'max_depth': 5, 'min_samples_leaf': 4, 'min_samples_split': 5, 'n_estimators': 200}",0.8251748251748252,0.8391608391608392,0.8450704225352113,0.7535211267605634,0.852112676056338,0.8230079779375554,0.035854895212095846,61
0.09539289474487304,0.009734455828577755,0.008119869232177734,0.0016253693787881068,5,4,10,50,"{'max_depth': 5, 'min_samples_leaf': 4, 'min_samples_split': 10, 'n_estimators': 50}",0.8181818181818182,0.8391608391608392,0.8450704225352113,0.7816901408450704,0.852112676056338,0.8272431793558553,0.02543824154547614,18
0.16449294090270997,0.02161772820010999,0.01184391975402832,0.0012256967953445583,5,4,10,100,"{'max_depth': 5, 'min_samples_leaf': 4, 'min_samples_split': 10, 'n_estimators': 100}",0.8321678321678322,0.8461538461538461,0.8591549295774648,0.7816901408450704,0.8380281690140845,0.8314389835516597,0.026471104176120256,3
0.34311809539794924,0.03800584106988097,0.026463079452514648,0.004889014795280388,5,4,10,200,"{'max_depth': 5, 'min_samples_leaf': 4, 'min_samples_split': 10, 'n_estimators': 200}",0.8321678321678322,0.8461538461538461,0.8450704225352113,0.7746478873239436,0.8591549295774648,0.8314389835516595,0.029652240405473096,4
0.08799448013305664,0.009688508922276452,0.008060789108276368,0.0027890160528451164,10,1,2,50,"{'max_depth': 10, 'min_samples_leaf': 1, 'min_samples_split': 2, 'n_estimators': 50}",0.8251748251748252,0.8111888111888111,0.8309859154929577,0.8098591549295775,0.8450704225352113,0.8244558258642766,0.013093487749621137,41
0.17822771072387694,0.02274316983952459,0.01292433738708496,0.0025900167439041333,10,1,2,100,"{'max_depth': 10, 'min_samples_leaf': 1, 'min_samples_split': 2, 'n_estimators': 100}",0.8461538461538461,0.8181818181818182,0.8169014084507042,0.8098591549295775,0.8380281690140845,0.8258248793460062,0.013821260746527083,28
0.36344566345214846,0.02828223771632297,0.020716047286987303,0.002207578156516093,10,1,2,200,"{'max_depth': 10, 'min_samples_leaf': 1, 'min_samples_split': 2, 'n_estimators': 200}",0.8461538461538461,0.8111888111888111,0.8098591549295775,0.8098591549295775,0.8380281690140845,0.8230178272431793,0.01579121696413621,58
0.09212422370910645,0.009898007984910367,0.008715486526489258,0.0019383157784489814,10,1,5,50,"{'max_depth': 10, 'min_samples_leaf': 1, 'min_samples_split': 5, 'n_estimators': 50}",0.8181818181818182,0.8321678321678322,0.8169014084507042,0.8028169014084507,0.8450704225352113,0.8230276765488034,0.01441467329673432,56
0.19030470848083497,0.021141225441080755,0.01402111053466797,0.0017986344026928384,10,1,5,100,"{'max_depth': 10, 'min_samples_leaf': 1, 'min_samples_split': 5, 'n_estimators': 100}",0.8321678321678322,0.8251748251748252,0.8169014084507042,0.7887323943661971,0.852112676056338,0.8230178272431793,0.020725766302194238,58
0.37828860282897947,0.03978474371925148,0.027545404434204102,0.0035727115846731798,10,1,5,200,"{'max_depth': 10, 'min_samples_leaf': 1, 'min_samples_split': 5, 'n_estimators': 200}",0.8391608391608392,0.8111888111888111,0.8169014084507042,0.8028169014084507,0.852112676056338,0.8244361272530287,0.018343733485221718,42
0.09851551055908203,0.014029349512368396,0.008110284805297852,0.0011580235675211186,10,1,10,50,"{'max_depth': 10, 'min_samples_leaf': 1, 'min_samples_split': 10, 'n_estimators': 50}",0.8461538461538461,0.8461538461538461,0.8098591549295775,0.8028169014084507,0.8380281690140845,0.8286023835319611,0.018553451533733268,16
0.1871098518371582,0.024815171030896577,0.01281890869140625,0.0012501207192605445,10,1,10,100,"{'max_depth': 10, 'min_samples_leaf': 1, 'min_samples_split': 10, 'n_estimators': 100}",0.8531468531468531,0.8531468531468531,0.8098591549295775,0.7887323943661971,0.8309859154929577,0.8271742342164877,0.025064994730279597,25
0.3623241901397705,0.03463752939973202,0.024044084548950195,0.0029758585169915586,10,1,10,200,"{'max_depth': 10, 'min_samples_leaf': 1, 'min_samples_split': 10, 'n_estimators': 200}",0.8461538461538461,0.8391608391608392,0.8098591549295775,0.7887323943661971,0.8309859154929577,0.8229784300206836,0.021014263913246158,66
0.09090089797973633,0.0037180404292609086,0.006715297698974609,0.0007483924942813193,10,2,2,50,"{'max_depth': 10, 'min_samples_leaf': 2, 'min_samples_split': 2, 'n_estimators': 50}",0.8461538461538461,0.8321678321678322,0.795774647887324,0.7887323943661971,0.8380281690140845,0.8201713779178569,0.023330146512203876,79
0.18895955085754396,0.015483742265717946,0.014419746398925782,0.0015659009666465133,10,2,2,100,"{'max_depth': 10, 'min_samples_leaf': 2, 'min_samples_split': 2, 'n_estimators': 100}",0.8461538461538461,0.8251748251748252,0.8028169014084507,0.8028169014084507,0.852112676056338,0.8258150300403821,0.020801304431642888,31
0.37485570907592775,0.030039644863325447,0.027463197708129883,0.004841593330054175,10,2,2,200,"{'max_depth': 10, 'min_samples_leaf': 2, 'min_samples_split': 2, 'n_estimators': 200}",0.8321678321678322,0.8251748251748252,0.8028169014084507,0.795774647887324,0.8450704225352113,0.8202009258347287,0.018359116250970774,74
0.09560446739196778,0.01239808095605593,0.007511329650878906,0.0013786769872267822,10,2,5,50,"{'max_depth': 10, 'min_samples_leaf': 2, 'min_samples_split': 5, 'n_estimators': 50}",0.8041958041958042,0.8251748251748252,0.8169014084507042,0.8028169014084507,0.8309859154929577,0.8160149709445484,0.011159745729702606,87
0.18002772331237793,0.009014819054920789,0.014427661895751953,0.003253906898735986,10,2,5,100,"{'max_depth': 10, 'min_samples_leaf': 2, 'min_samples_split': 5, 'n_estimators': 100}",0.8111888111888111,0.8251748251748252,0.8098591549295775,0.7887323943661971,0.8380281690140845,0.814596670934699,0.016516360481235125,90
0.3496575355529785,0.026778360786880118,0.02601480484008789,0.00331786529657372,10,2,5,200,"{'max_depth': 10, 'min_samples_leaf': 2, 'min_samples_split': 5, 'n_estimators': 200}",0.8181818181818182,0.8251748251748252,0.795774647887324,0.795774647887324,0.852112676056338,0.8174037230375258,0.020982567354116504,84
0.09015893936157227,0.011844223485814414,0.00781254768371582,0.0014004102095714376,10,2,10,50,"{'max_depth': 10, 'min_samples_leaf': 2, 'min_samples_split': 10, 'n_estimators': 50}",0.8531468531468531,0.8461538461538461,0.8098591549295775,0.7816901408450704,0.8450704225352113,0.8271840835221116,0.027289889685455315,24
0.17974228858947755,0.019721564777145685,0.013323116302490234,0.0025796310749701787,10,2,10,100,"{'max_depth': 10, 'min_samples_leaf': 2, 'min_samples_split': 10, 'n_estimators': 100}",0.8601398601398601,0.8391608391608392,0.823943661971831,0.795774647887324,0.823943661971831,0.828592534226337,0.021105262527248873,17
0.38759646415710447,0.025081080266318508,0.024135780334472657,0.005118382271147401,10,2,10,200,"{'max_depth': 10, 'min_samples_leaf': 2, 'min_samples_split': 10, 'n_estimators': 200}",0.8391608391608392,0.8461538461538461,0.8169014084507042,0.7887323943661971,0.823943661971831,0.8229784300206836,0.020048057763556597,66
0.0901329517364502,0.011410480330307315,0.008119630813598632,0.0017400625020048343,10,4,2,50,"{'max_depth': 10, 'min_samples_leaf': 4, 'min_samples_split': 2, 'n_estimators': 50}",0.8251748251748252,0.8321678321678322,0.8309859154929577,0.7816901408450704,0.8380281690140845,0.821609376538954,0.020372702406520393,70
0.16801023483276367,0.011763726314806459,0.011915493011474609,0.0012024896946011745,10,4,2,100,"{'max_depth': 10, 'min_samples_leaf': 4, 'min_samples_split': 2, 'n_estimators': 100}",0.8321678321678322,0.8461538461538461,0.8309859154929577,0.8028169014084507,0.8380281690140845,0.8300305328474344,0.014628642840072372,6
0.34007554054260253,0.024822850539230192,0.025101375579833985,0.0038744438832019443,10,4,2,200,"{'max_depth': 10, 'min_samples_leaf': 4, 'min_samples_split': 2, 'n_estimators': 200}",0.8321678321678322,0.8391608391608392,0.823943661971831,0.7887323943661971,0.8309859154929577,0.8229981286319313,0.017799752759976976,64
0.09134278297424317,0.017054825363221202,0.007814550399780273,0.0013292390281504029,10,4,5,50,"{'max_depth': 10, 'min_samples_leaf': 4, 'min_samples_split': 5, 'n_estimators': 50}",0.8251748251748252,0.8321678321678322,0.8309859154929577,0.7816901408450704,0.8380281690140845,0.821609376538954,0.020372702406520393,70
0.17314515113830567,0.021576030965557928,0.0116241455078125,0.001781748186333444,10,4,5,100,"{'max_depth': 10, 'min_samples_leaf': 4, 'min_samples_split': 5, 'n_estimators': 100}",0.8321678321678322,0.8461538461538461,0.8309859154929577,0.8028169014084507,0.8380281690140845,0.8300305328474344,0.014628642840072372,6
0.37131757736206056,0.04429807045614926,0.02644691467285156,0.0052950156987874135,10,4,5,200,"{'max_depth': 10, 'min_samples_leaf': 4, 'min_samples_split': 5, 'n_estimators': 200}",0.8321678321678322,0.8391608391608392,0.823943661971831,0.7887323943661971,0.8309859154929577,0.8229981286319313,0.017799752759976976,64
0.08633608818054199,0.004290653671909174,0.00653228759765625,0.0007187559093844738,10,4,10,50,"{'max_depth': 10, 'min_samples_leaf': 4, 'min_samples_split': 10, 'n_estimators': 50}",0.8181818181818182,0.8461538461538461,0.8309859154929577,0.7887323943661971,0.8380281690140845,0.8244164286417807,0.020065760007102345,43
0.17266349792480468,0.017522735384678276,0.01258692741394043,0.0027794514438384457,10,4,10,100,"{'max_depth': 10, 'min_samples_leaf': 4, 'min_samples_split': 10, 'n_estimators': 100}",0.8461538461538461,0.8391608391608392,0.823943661971831,0.795774647887324,0.8450704225352113,0.8300206835418104,0.018868159282697878,8
0.3369049072265625,0.03771028074339715,0.023986053466796876,0.004394833897166978,10,4,10,200,"{'max_depth': 10, 'min_samples_leaf': 4, 'min_samples_split': 10, 'n_estimators': 200}",0.8391608391608392,0.8461538461538461,0.8309859154929577,0.7746478873239436,0.8450704225352113,0.8272037821333595,0.02682431579875318,23
0.09561376571655274,0.01435811503008964,0.008541727066040039,0.0018137718350157944,20,1,2,50,"{'max_depth': 20, 'min_samples_leaf': 1, 'min_samples_split': 2, 'n_estimators': 50}",0.8111888111888111,0.7622377622377622,0.8380281690140845,0.7816901408450704,0.8380281690140845,0.8062346104599627,0.030279889293371557,101
0.21754236221313478,0.04200632312010468,0.01522669792175293,0.003573149312019266,20,1,2,100,"{'max_depth': 20, 'min_samples_leaf': 1, 'min_samples_split': 2, 'n_estimators': 100}",0.7972027972027972,0.7552447552447552,0.8028169014084507,0.7676056338028169,0.8380281690140845,0.792179651334581,0.029012199309162493,108
0.3746243953704834,0.051561622091134914,0.02363409996032715,0.004736856758358122,20,1,2,200,"{'max_depth': 20, 'min_samples_leaf': 1, 'min_samples_split': 2, 'n_estimators': 200}",0.8041958041958042,0.7482517482517482,0.8098591549295775,0.7887323943661971,0.8380281690140845,0.7978134541514823,0.02946823689778442,105
0.08593692779541015,0.009097912707337093,0.008115720748901368,0.002868769003995567,20,1,5,50,"{'max_depth': 20, 'min_samples_leaf': 1, 'min_samples_split': 5, 'n_estimators': 50}",0.8041958041958042,0.7762237762237763,0.8169014084507042,0.7887323943661971,0.8450704225352113,0.8062247611543386,0.02380392767844291,102
0.2006840705871582,0.034692394818628805,0.01402750015258789,0.003279637411661501,20,1,5,100,"{'max_depth': 20, 'min_samples_leaf': 1, 'min_samples_split': 5, 'n_estimators': 100}",0.8111888111888111,0.7902097902097902,0.8309859154929577,0.7816901408450704,0.852112676056338,0.8132374667585935,0.025907504625470007,93
0.378354549407959,0.04375413862084434,0.02766838073730469,0.007888215336214881,20,1,5,200,"{'max_depth': 20, 'min_samples_leaf': 1, 'min_samples_split': 5, 'n_estimators': 200}",0.8111888111888111,0.7832167832167832,0.823943661971831,0.7887323943661971,0.8380281690140845,0.8090219639515415,0.020718524163659633,95
0.08544692993164063,0.00956963981437442,0.007491779327392578,0.0012838804701858853,20,1,10,50,"{'max_depth': 20, 'min_samples_leaf': 1, 'min_samples_split': 10, 'n_estimators': 50}",0.8111888111888111,0.8251748251748252,0.8028169014084507,0.8169014084507042,0.8380281690140845,0.818822023047375,0.01206111719658269,80
0.17424817085266114,0.017877847012998986,0.0164431095123291,0.006711387793846431,20,1,10,100,"{'max_depth': 20, 'min_samples_leaf': 1, 'min_samples_split': 10, 'n_estimators': 100}",0.8321678321678322,0.8251748251748252,0.8098591549295775,0.8028169014084507,0.8309859154929577,0.8202009258347287,0.011776409083136105,74
0.3598520755767822,0.04968036937131052,0.02652087211608887,0.010576378172487359,20,1,10,200,"{'max_depth': 20, 'min_samples_leaf': 1, 'min_samples_split': 10, 'n_estimators': 200}",0.8251748251748252,0.8321678321678322,0.8098591549295775,0.8028169014084507,0.8450704225352113,0.8230178272431793,0.015204737754722381,58
0.1014317512512207,0.019183782199240492,0.007462692260742187,0.0017041456531419897,20,2,2,50,"{'max_depth': 20, 'min_samples_leaf': 2, 'min_samples_split': 2, 'n_estimators': 50}",0.8251748251748252,0.8111888111888111,0.8028169014084507,0.795774647887324,0.8380281690140845,0.814596670934699,0.015268120245185602,90
0.17457208633422852,0.01582829194512484,0.013202047348022461,0.003009676423248231,20,2,2,100,"{'max_depth': 20, 'min_samples_leaf': 2, 'min_samples_split': 2, 'n_estimators': 100}",0.8251748251748252,0.8251748251748252,0.8028169014084507,0.8098591549295775,0.852112676056338,0.8230276765488032,0.016953130001316333,57
0.46966090202331545,0.048215662589376186,0.028075122833251955,0.004687585169160776,20,2,2,200,"{'max_depth': 20, 'min_samples_leaf': 2, 'min_samples_split': 2, 'n_estimators': 200}",0.8181818181818182,0.8251748251748252,0.795774647887324,0.8098591549295775,0.8380281690140845,0.8174037230375258,0.014220412315474171,84
0.11198234558105469,0.01710231975081136,0.010713863372802734,0.0017193600581413135,20,2,5,50,"{'max_depth': 20, 'min_samples_leaf': 2, 'min_samples_split': 5, 'n_estimators': 50}",0.8041958041958042,0.8181818181818182,0.8169014084507042,0.7887323943661971,0.8169014084507042,0.8089825667290456,0.011340413678445937,97
0.2277890682220459,0.03434914883169507,0.013222551345825196,0.0020910109099054708,20,2,5,100,"{'max_depth': 20, 'min_samples_leaf': 2, 'min_samples_split': 5, 'n_estimators': 100}",0.8041958041958042,0.8111888111888111,0.8028169014084507,0.795774647887324,0.823943661971831,0.8075839653304442,0.009532041760754385,99
0.38671073913574217,0.01239467334739797,0.02262535095214844,0.0044914156183225385,20,2,5,200,"{'max_depth': 20, 'min_samples_leaf': 2, 'min_samples_split': 5, 'n_estimators': 200}",0.8181818181818182,0.8181818181818182,0.8028169014084507,0.8098591549295775,0.823943661971831,0.8145966709346991,0.007406481364394142,88
0.10557799339294434,0.008973152380233957,0.008076715469360351,0.001108826483178928,20,2,10,50,"{'max_depth': 20, 'min_samples_leaf': 2, 'min_samples_split': 10, 'n_estimators': 50}",0.8321678321678322,0.8461538461538461,0.8028169014084507,0.7746478873239436,0.8380281690140845,0.8187629272136314,0.026463242213677175,81
0.1996281623840332,0.0184773822484502,0.015126228332519531,0.0012441810444829614,20,2,10,100,"{'max_depth': 20, 'min_samples_leaf': 2, 'min_samples_split': 10, 'n_estimators': 100}",0.8461538461538461,0.8391608391608392,0.8098591549295775,0.7887323943661971,0.8309859154929577,0.8229784300206836,0.021014263913246158,66
0.4141534328460693,0.02914355850393402,0.02787299156188965,0.004450443903344061,20,2,10,200,"{'max_depth': 20, 'min_samples_leaf': 2, 'min_samples_split': 10, 'n_estimators': 200}",0.8321678321678322,0.8461538461538461,0.8169014084507042,0.7887323943661971,0.8450704225352113,0.8258051807347581,0.021351204693140675,36
0.09863219261169434,0.00949624817070574,0.007509183883666992,0.0007066921889096832,20,4,2,50,"{'max_depth': 20, 'min_samples_leaf': 4, 'min_samples_split': 2, 'n_estimators': 50}",0.8251748251748252,0.8461538461538461,0.8380281690140845,0.7746478873239436,0.8380281690140845,0.8244065793361568,0.025770357611730355,45
0.191908597946167,0.010494947882480057,0.014356613159179688,0.0028830937868492934,20,4,2,100,"{'max_depth': 20, 'min_samples_leaf': 4, 'min_samples_split': 2, 'n_estimators': 100}",0.8461538461538461,0.8391608391608392,0.8309859154929577,0.7887323943661971,0.8450704225352113,0.8300206835418102,0.021335278391174183,10
0.39135189056396485,0.021331764946497644,0.030155658721923828,0.005518384349550525,20,4,2,200,"{'max_depth': 20, 'min_samples_leaf': 4, 'min_samples_split': 2, 'n_estimators': 200}",0.8391608391608392,0.8391608391608392,0.8309859154929577,0.7816901408450704,0.8309859154929577,0.8243967300305328,0.021664003908767705,52
0.0972470760345459,0.008073185965394736,0.00745391845703125,0.001294684741799197,20,4,5,50,"{'max_depth': 20, 'min_samples_leaf': 4, 'min_samples_split': 5, 'n_estimators': 50}",0.8251748251748252,0.8461538461538461,0.8380281690140845,0.7746478873239436,0.8380281690140845,0.8244065793361568,0.025770357611730355,45
0.2099440097808838,0.001946443368957905,0.013929510116577148,0.0008666069341986516,20,4,5,100,"{'max_depth': 20, 'min_samples_leaf': 4, 'min_samples_split': 5, 'n_estimators': 100}",0.8461538461538461,0.8391608391608392,0.8309859154929577,0.7887323943661971,0.8450704225352113,0.8300206835418102,0.021335278391174183,10
0.4079686164855957,0.009923486955177412,0.024539089202880858,0.0032915049738425368,20,4,5,200,"{'max_depth': 20, 'min_samples_leaf': 4, 'min_samples_split': 5, 'n_estimators': 200}",0.8391608391608392,0.8391608391608392,0.8309859154929577,0.7816901408450704,0.8309859154929577,0.8243967300305328,0.021664003908767705,52
0.11410684585571289,0.004797665785664904,0.010017919540405273,0.0018444385705696233,20,4,10,50,"{'max_depth': 20, 'min_samples_leaf': 4, 'min_samples_split': 10, 'n_estimators': 50}",0.8321678321678322,0.8461538461538461,0.8309859154929577,0.7887323943661971,0.8309859154929577,0.8258051807347583,0.019404241969195216,34
0.2093625545501709,0.01728136691304351,0.014420604705810547,0.003073786780095159,20,4,10,100,"{'max_depth': 20, 'min_samples_leaf': 4, 'min_samples_split': 10, 'n_estimators': 100}",0.8461538461538461,0.8321678321678322,0.823943661971831,0.7887323943661971,0.8450704225352113,0.8272136314389835,0.020945830771441083,20
0.36452388763427734,0.03658787275964225,0.02363734245300293,0.004121343819804338,20,4,10,200,"{'max_depth': 20, 'min_samples_leaf': 4, 'min_samples_split': 10, 'n_estimators': 200}",0.8321678321678322,0.8531468531468531,0.8169014084507042,0.7816901408450704,0.8450704225352113,0.8257953314291344,0.025237326900802957,38
0.10961532592773438,0.014891408124140916,0.008681535720825195,0.0016876153917227898,30,1,2,50,"{'max_depth': 30, 'min_samples_leaf': 1, 'min_samples_split': 2, 'n_estimators': 50}",0.8111888111888111,0.7552447552447552,0.8380281690140845,0.7816901408450704,0.8380281690140845,0.8048360090613611,0.03236918513065724,104
0.191788911819458,0.01886572332787788,0.014423465728759766,0.003400534653630611,30,1,2,100,"{'max_depth': 30, 'min_samples_leaf': 1, 'min_samples_split': 2, 'n_estimators': 100}",0.8041958041958042,0.7552447552447552,0.8028169014084507,0.7746478873239436,0.8380281690140845,0.7949867034374076,0.028255184243168755,107
0.3817293643951416,0.03019956445736159,0.025643682479858397,0.005404960932674697,30,1,2,200,"{'max_depth': 30, 'min_samples_leaf': 1, 'min_samples_split': 2, 'n_estimators': 200}",0.8041958041958042,0.7482517482517482,0.8169014084507042,0.7816901408450704,0.8380281690140845,0.7978134541514823,0.030785163980613435,105
0.09845561981201172,0.007249393122102164,0.007813739776611327,0.0006006267306177766,30,1,5,50,"{'max_depth': 30, 'min_samples_leaf': 1, 'min_samples_split': 5, 'n_estimators': 50}",0.8041958041958042,0.7762237762237763,0.8169014084507042,0.7887323943661971,0.8450704225352113,0.8062247611543386,0.02380392767844291,102
0.20025873184204102,0.021163547378098117,0.014315986633300781,0.0026342542845509583,30,1,5,100,"{'max_depth': 30, 'min_samples_leaf': 1, 'min_samples_split': 5, 'n_estimators': 100}",0.8111888111888111,0.7902097902097902,0.8309859154929577,0.7816901408450704,0.8450704225352113,0.8118290160543682,0.02386684096479987,94
0.3559429168701172,0.007702457382899447,0.024046659469604492,0.002570388952020592,30,1,5,200,"{'max_depth': 30, 'min_samples_leaf': 1, 'min_samples_split': 5, 'n_estimators': 200}",0.8111888111888111,0.7832167832167832,0.823943661971831,0.7887323943661971,0.8380281690140845,0.8090219639515415,0.020718524163659633,95
0.09587221145629883,0.013258771274751512,0.008612489700317383,0.0004953598806245274,30,1,10,50,"{'max_depth': 30, 'min_samples_leaf': 1, 'min_samples_split': 10, 'n_estimators': 50}",0.8111888111888111,0.8251748251748252,0.8028169014084507,0.8098591549295775,0.8380281690140845,0.8174135723431497,0.012602208676937846,83
0.19731926918029785,0.021996661662550734,0.01620206832885742,0.0019311683771256638,30,1,10,100,"{'max_depth': 30, 'min_samples_leaf': 1, 'min_samples_split': 10, 'n_estimators': 100}",0.8321678321678322,0.8251748251748252,0.8098591549295775,0.8028169014084507,0.8309859154929577,0.8202009258347287,0.011776409083136105,74
0.3510556221008301,0.041445212737944354,0.0223360538482666,0.00289690934376669,30,1,10,200,"{'max_depth': 30, 'min_samples_leaf': 1, 'min_samples_split': 10, 'n_estimators': 200}",0.8251748251748252,0.8321678321678322,0.8098591549295775,0.8028169014084507,0.8380281690140845,0.821609376538954,0.013304097000424111,70
0.10297074317932128,0.01348266740792899,0.008921241760253907,0.0016264930675883075,30,2,2,50,"{'max_depth': 30, 'min_samples_leaf': 2, 'min_samples_split': 2, 'n_estimators': 50}",0.8251748251748252,0.8111888111888111,0.8028169014084507,0.795774647887324,0.8380281690140845,0.814596670934699,0.015268120245185602,90
0.18404264450073243,0.022638908422679183,0.014031600952148438,0.0030867683989315377,30,2,2,100,"{'max_depth': 30, 'min_samples_leaf': 2, 'min_samples_split': 2, 'n_estimators': 100}",0.8321678321678322,0.8251748251748252,0.8028169014084507,0.8169014084507042,0.852112676056338,0.8258347286516301,0.01637497342507367,26
0.3636605739593506,0.03111492374930515,0.024144411087036133,0.004110804050476657,30,2,2,200,"{'max_depth': 30, 'min_samples_leaf': 2, 'min_samples_split': 2, 'n_estimators': 200}",0.8181818181818182,0.8251748251748252,0.795774647887324,0.8098591549295775,0.8380281690140845,0.8174037230375258,0.014220412315474171,84
0.08958940505981446,0.01437363622872233,0.007608175277709961,0.0016040177523061272,30,2,5,50,"{'max_depth': 30, 'min_samples_leaf': 2, 'min_samples_split': 5, 'n_estimators': 50}",0.8041958041958042,0.8181818181818182,0.8169014084507042,0.7887323943661971,0.8169014084507042,0.8089825667290456,0.011340413678445937,97
0.18664956092834473,0.02378499779604164,0.014026403427124023,0.0028631267720038455,30,2,5,100,"{'max_depth': 30, 'min_samples_leaf': 2, 'min_samples_split': 5, 'n_estimators': 100}",0.8041958041958042,0.8111888111888111,0.8028169014084507,0.795774647887324,0.823943661971831,0.8075839653304442,0.009532041760754385,99
0.35329389572143555,0.03420393362375419,0.024008560180664062,0.0038898802069869767,30,2,5,200,"{'max_depth': 30, 'min_samples_leaf': 2, 'min_samples_split': 5, 'n_estimators': 200}",0.8181818181818182,0.8181818181818182,0.8028169014084507,0.8098591549295775,0.823943661971831,0.8145966709346991,0.007406481364394142,88
0.0909684181213379,0.01192333559481515,0.00711355209350586,0.0011981306867174571,30,2,10,50,"{'max_depth': 30, 'min_samples_leaf': 2, 'min_samples_split': 10, 'n_estimators': 50}",0.8321678321678322,0.8461538461538461,0.8028169014084507,0.7746478873239436,0.8380281690140845,0.8187629272136314,0.026463242213677175,81
0.17461414337158204,0.019487483791106444,0.01222543716430664,0.0011723575178409194,30,2,10,100,"{'max_depth': 30, 'min_samples_leaf': 2, 'min_samples_split': 10, 'n_estimators': 100}",0.8461538461538461,0.8391608391608392,0.8098591549295775,0.7887323943661971,0.8309859154929577,0.8229784300206836,0.021014263913246158,66
0.36079230308532717,0.03526950317279406,0.023520278930664062,0.0030032757023606177,30,2,10,200,"{'max_depth': 30, 'min_samples_leaf': 2, 'min_samples_split': 10, 'n_estimators': 200}",0.8321678321678322,0.8461538461538461,0.8169014084507042,0.795774647887324,0.8450704225352113,0.8272136314389835,0.018957280692560603,20
0.09148540496826171,0.011334233710367604,0.008362865447998047,0.002484249978854581,30,4,2,50,"{'max_depth': 30, 'min_samples_leaf': 4, 'min_samples_split': 2, 'n_estimators': 50}",0.8251748251748252,0.8461538461538461,0.8380281690140845,0.7746478873239436,0.8380281690140845,0.8244065793361568,0.025770357611730355,45
0.16080646514892577,0.007436823661733008,0.011472225189208984,0.0008486838109334438,30,4,2,100,"{'max_depth': 30, 'min_samples_leaf': 4, 'min_samples_split': 2, 'n_estimators': 100}",0.8461538461538461,0.8391608391608392,0.8309859154929577,0.7887323943661971,0.8450704225352113,0.8300206835418102,0.021335278391174183,10
0.35529236793518065,0.042006661816087615,0.026148080825805664,0.004330065832001778,30,4,2,200,"{'max_depth': 30, 'min_samples_leaf': 4, 'min_samples_split': 2, 'n_estimators': 200}",0.8391608391608392,0.8391608391608392,0.8309859154929577,0.7816901408450704,0.8309859154929577,0.8243967300305328,0.021664003908767705,52
0.09416770935058594,0.014391513073680471,0.007921552658081055,0.0014946574825119691,30,4,5,50,"{'max_depth': 30, 'min_samples_leaf': 4, 'min_samples_split': 5, 'n_estimators': 50}",0.8251748251748252,0.8461538461538461,0.8380281690140845,0.7746478873239436,0.8380281690140845,0.8244065793361568,0.025770357611730355,45
0.17110748291015626,0.020311298598535425,0.013423347473144531,0.002009862097687727,30,4,5,100,"{'max_depth': 30, 'min_samples_leaf': 4, 'min_samples_split': 5, 'n_estimators': 100}",0.8461538461538461,0.8391608391608392,0.8309859154929577,0.7887323943661971,0.8450704225352113,0.8300206835418102,0.021335278391174183,10
0.3325012683868408,0.03835450891431064,0.02093186378479004,0.0018012255793510568,30,4,5,200,"{'max_depth': 30, 'min_samples_leaf': 4, 'min_samples_split': 5, 'n_estimators': 200}",0.8391608391608392,0.8391608391608392,0.8309859154929577,0.7816901408450704,0.8309859154929577,0.8243967300305328,0.021664003908767705,52
0.09512157440185547,0.009343239125114448,0.009014272689819336,0.0022399654006604597,30,4,10,50,"{'max_depth': 30, 'min_samples_leaf': 4, 'min_samples_split': 10, 'n_estimators': 50}",0.8321678321678322,0.8461538461538461,0.8309859154929577,0.7887323943661971,0.8309859154929577,0.8258051807347583,0.019404241969195216,34
0.1737086296081543,0.01657008120268922,0.01212611198425293,0.0017212913454895328,30,4,10,100,"{'max_depth': 30, 'min_samples_leaf': 4, 'min_samples_split': 10, 'n_estimators': 100}",0.8461538461538461,0.8321678321678322,0.823943661971831,0.7887323943661971,0.8450704225352113,0.8272136314389835,0.020945830771441083,20
0.29353837966918944,0.012907838505659346,0.0159329891204834,0.002938820444821417,30,4,10,200,"{'max_depth': 30, 'min_samples_leaf': 4, 'min_samples_split': 10, 'n_estimators': 200}",0.8321678321678322,0.8531468531468531,0.8169014084507042,0.7816901408450704,0.8450704225352113,0.8257953314291344,0.025237326900802957,38
